B,t,n,lock,Speedup
3136,1,14,a,8.08469 
3136,2,14,a,4.55472 
3136,4,14,a,2.84711 
3136,8,14,a,1.86307 
3136,14,14,a,1.42051 
