B,t,n,lock,Speedup
3136,1,14,p,0.99926 
3136,2,14,p,0.98335 
3136,4,14,p,0.97683 
3136,8,14,p,0.97914 
3136,14,14,p,0.98507 
