B,t,n,lock,Speedup
3136,1,2,a,0.97246 
3136,2,2,a,0.96704 
3136,4,2,a,0.96964 
3136,8,2,a,0.97519 
3136,14,2,a,0.98276 
