B,t,n,lock,Speedup
3136,1,4,t,0.97270 
3136,2,4,t,0.96740 
3136,4,4,t,0.96986 
3136,8,4,t,0.97529 
3136,14,4,t,0.98274 
