B,t,n,lock,Speedup
3136,1,8,p,0.97602 
3136,2,8,p,0.98154 
3136,4,8,p,0.97789 
3136,8,8,p,0.97949 
3136,14,8,p,0.98524 
