B,t,n,lock,Speedup
3136,1,8,a,5.45138 
3136,2,8,a,2.91926 
3136,4,8,a,2.18875 
3136,8,8,a,1.48619 
3136,14,8,a,1.18351 
