B,t,n,lock,Speedup
3136,1,1,p,0.99983 
3136,2,1,p,0.98154 
3136,4,1,p,0.97699 
3136,8,1,p,0.97502 
3136,14,1,p,0.98263 
