B,t,n,lock,Speedup
3136,1,2,t,0.97238 
3136,2,2,t,0.96704 
3136,4,2,t,0.96965 
3136,8,2,t,0.97518 
3136,14,2,t,0.98268 
