B,t,n,lock,Speedup
3136,1,4,m,0.97272 
3136,2,4,m,0.96729 
3136,4,4,m,0.96985 
3136,8,4,m,0.97530 
3136,14,4,m,0.98279 
