B,t,n,lock,Speedup
3136,1,1,a,0.99905 
3136,2,1,a,0.97648 
3136,4,1,a,0.97460 
3136,8,1,a,0.97876 
3136,14,1,a,0.98499 
