B,t,n,lock,Speedup
3136,1,1,m,0.97045 
3136,2,1,m,0.97645 
3136,4,1,m,0.97417 
3136,8,1,m,0.97838 
3136,14,1,m,0.98466 
