B,t,n,lock,Speedup
3136,1,4,p,1.00202 
3136,2,4,p,0.96859 
3136,4,4,p,0.97093 
3136,8,4,p,0.97565 
3136,14,4,p,0.98383 
