B,t,n,lock,Speedup
3136,1,4,a,0.97269 
3136,2,4,a,0.96570 
3136,4,4,a,0.98334 
3136,8,4,a,1.42173 
3136,14,4,a,1.13615 
