B,t,n,lock,Speedup
3136,1,8,t,0.97263 
3136,2,8,t,0.96679 
3136,4,8,t,0.97002 
3136,8,8,t,0.97544 
3136,14,8,t,0.98283 
