B,t,n,lock,Speedup
3136,1,1,t,1.00043 
3136,2,1,t,0.98123 
3136,4,1,t,0.97402 
3136,8,1,t,0.97887 
3136,14,1,t,0.98438 
