B,t,n,lock,Speedup
3136,1,8,m,0.97201 
3136,2,8,m,0.96702 
3136,4,8,m,0.96988 
3136,8,8,m,0.97703 
3136,14,8,m,1.07749 
