B,t,n,lock,Speedup
3136,1,2,p,0.97487 
3136,2,2,p,0.96835 
3136,4,2,p,0.97030 
3136,8,2,p,0.97874 
3136,14,2,p,0.98462 
