B,t,n,lock,Speedup
3136,1,14,m,7.74258 
3136,2,14,m,4.30869 
3136,4,14,m,2.70970 
3136,8,14,m,1.88744 
3136,14,14,m,1.38202 
