B,t,n,lock,Speedup
3136,1,2,m,0.97251 
3136,2,2,m,0.96710 
3136,4,2,m,0.96970 
3136,8,2,m,0.97521 
3136,14,2,m,0.98270 
