B,t,n,lock,Speedup
3136,1,14,t,0.97704 
3136,2,14,t,0.97134 
3136,4,14,t,0.97007 
3136,8,14,t,0.97520 
3136,14,14,t,0.98282 
